"ID","Description","GeneRatio","BgRatio","RichFactor","FoldEnrichment","zScore","pvalue","p.adjust","qvalue","geneID","Count"
"GO:0002181","cytoplasmic translation","7/33","169/18805",0.0414201183431953,23.6031916801148,12.3755237455524,0.0000000146674429108438,0.00000723104935504602,0.00000609856836819297,"FAU/RPS21/EEF1D/RPL39/RPL35/RPS17/RPS29",7
"GO:0042274","ribosomal small subunit biogenesis","4/33","108/18805",0.037037037037037,21.1054994388328,8.7855225539545,0.000037028597407521,0.00912754926095393,0.00769805051366884,"FAU/RPS21/RRP7A/RPS17",4
"GO:0022613","ribonucleoprotein complex biogenesis","6/33","494/18805",0.0121457489878543,6.92123665807876,5.59173627891973,0.000193149864830873,0.02618428069734,0.0220834650911696,"FAU/RPS21/RRP7A/SNRPD2/RPL35/RPS17",6
"GO:0042254","ribosome biogenesis","5/33","317/18805",0.0157728706624606,8.98814644871427,6.01391799196202,0.000212448524927708,0.02618428069734,0.0220834650911696,"FAU/RPS21/RRP7A/RPL35/RPS17",5
"GO:0035672","oligopeptide transmembrane transport","2/33","17/18805",0.117647058823529,67.0409982174688,11.4215391412387,0.00039950307337228,0.03784862684583,0.0319210154886364,"CA2/SLC25A39",2
"GO:0006857","oligopeptide transport","2/33","19/18805",0.105263157894737,59.9840510366826,10.7850225273337,0.000501214440306633,0.03784862684583,0.0319210154886364,"CA2/SLC25A39",2
"GO:0006364","rRNA processing","4/33","222/18805",0.018018018018018,10.2675402675403,5.82384588626558,0.000591293945579675,0.03784862684583,0.0319210154886364,"RPS21/RRP7A/RPL35/RPS17",4
"GO:0000028","ribosomal small subunit assembly","2/33","21/18805",0.0952380952380952,54.2712842712843,10.2408402842129,0.000614176500540852,0.03784862684583,0.0319210154886364,"FAU/RRP7A",2
