"ID","Description","GeneRatio","BgRatio","RichFactor","FoldEnrichment","zScore","pvalue","p.adjust","qvalue","geneID","Count"
"GO:0044391","ribosomal subunit","7/35","186/19880",0.0376344086021505,21.3763440860215,11.72523372481,0.000000030204508128868,0.00000298418490154495,0.00000208464591208403,"FAU/RPS21/RPL39/RPL35/MRPS22/RPS17/RPS29",7
"GO:0022626","cytosolic ribosome","6/35","118/19880",0.0508474576271186,28.8813559322034,12.7569009715741,0.0000000542579073008173,0.00000298418490154495,0.00000208464591208403,"FAU/RPS21/RPL39/RPL35/RPS17/RPS29",6
"GO:0015935","small ribosomal subunit","5/35","74/19880",0.0675675675675676,38.3783783783784,13.5283137205158,0.000000185372535627979,0.00000531142817386208,0.00000371037566212375,"FAU/RPS21/MRPS22/RPS17/RPS29",5
"GO:0005840","ribosome","7/35","244/19880",0.0286885245901639,16.2950819672131,10.0954561697425,0.000000193142842685894,0.00000531142817386208,0.00000371037566212375,"FAU/RPS21/RPL39/RPL35/MRPS22/RPS17/RPS29",7
"GO:0022627","cytosolic small ribosomal subunit","4/35","42/19880",0.0952380952380952,54.0952380952381,14.4656186658716,0.000000859057888800913,0.0000188992735536201,0.0000132023633436772,"FAU/RPS21/RPS17/RPS29",4
"GO:0034709","methylosome","2/35","13/19880",0.153846153846154,87.3846153846154,13.0842149934866,0.000232029486344769,0.00425387391632077,0.0029716057023102,"SNRPD2/ERH",2
